<?xml version = '1.0' encoding = 'UTF-8'?>
<FKIndexAssociation class="oracle.dbtools.crest.model.design.relational.FKIndexAssociation" directorySegmentName="seg_0" id="257C6917-2C37-D53B-5D60-5768E7E74BF2" containerWithKeyObject="75E3962F-0FFA-45AD-FD2A-35D0570E92C9" localFKIndex="EC4573B2-04DD-4577-890F-539FC3C7FD81" name="ENDERECO_PESSOA_FK">
<createdBy>Pichau</createdBy>
<createdTime>2023-05-09 01:45:10 UTC</createdTime>
<generatorID>50D22694-B269-9FAF-0A42-0A9DE9B2D106</generatorID>
<ownerDesignName>bruna-fotografia-vinicius-de-abreu-cavalcante-86108-dmd</ownerDesignName>
<referredTableLongName>T_PESSOA</referredTableLongName>
<deleteRule>NO ACTION</deleteRule>
<referredTableID>6FA6BB10-DE2F-8F8E-9285-B8A48A19A9C3</referredTableID>
<keyObject>A5AB4E0A-A60D-38F9-E2DD-443871946748</keyObject>
<referredKeyID>A5AB4E0A-A60D-38F9-E2DD-443871946748</referredKeyID>
<mandatory>true</mandatory>
<refColNames>id_pessoa</refColNames>
<transferable>true</transferable>
<rely>false</rely>
<columnDependencyConstraintGenerateInDDL>true</columnDependencyConstraintGenerateInDDL>
</FKIndexAssociation>
