<?xml version = '1.0' encoding = 'UTF-8'?>
<Table class="oracle.dbtools.crest.model.design.relational.Table" directorySegmentName="seg_0" id="4DB31022-9C19-D6D7-AEBD-7E9945F3A289" name="T_TELEFONE">
<createdBy>Pichau</createdBy>
<createdTime>2023-05-09 01:45:10 UTC</createdTime>
<generatorID>DDE10FB3-6002-5DE9-3D72-D141F888EB20</generatorID>
<ownerDesignName>bruna-fotografia-vinicius-de-abreu-cavalcante-86108-dmd</ownerDesignName>
<ordsAlias>telefone</ordsAlias>
<allowColumnReorder>false</allowColumnReorder>
<existDependencyGenerateInDDl>true</existDependencyGenerateInDDl>
<parsed>true</parsed>
<columns itemClass="oracle.dbtools.crest.model.design.relational.Column">
<Column name="id_telefone" id="442F2908-8223-01FB-19EE-7896E5E8BF6B">
<createdBy>Pichau</createdBy>
<createdTime>2023-05-09 01:45:10 UTC</createdTime>
<generatorID>C33AC7E3-FE76-9A8C-515A-655E3E334851</generatorID>
<ownerDesignName>bruna-fotografia-vinicius-de-abreu-cavalcante-86108-dmd</ownerDesignName>
<useDomainConstraints>false</useDomainConstraints>
<use>1</use>
<logicalDatatype>LOGDT019</logicalDatatype>
<dataTypePrecision>1000000</dataTypePrecision>
<ownDataTypeParameters>,1000000,</ownDataTypeParameters>
<autoIncrementCycle>false</autoIncrementCycle>
</Column>
<Column name="nr_ddd" id="298FC22D-FEA0-2011-46E9-91D9949166CC">
<createdBy>Pichau</createdBy>
<createdTime>2023-05-09 01:45:10 UTC</createdTime>
<generatorID>B73B353E-33A8-A768-229A-C6856E212C43</generatorID>
<ownerDesignName>bruna-fotografia-vinicius-de-abreu-cavalcante-86108-dmd</ownerDesignName>
<useDomainConstraints>false</useDomainConstraints>
<use>1</use>
<logicalDatatype>LOGDT019</logicalDatatype>
<dataTypePrecision>3</dataTypePrecision>
<ownDataTypeParameters>,3,</ownDataTypeParameters>
<autoIncrementCycle>false</autoIncrementCycle>
</Column>
<Column name="nr_telefone" id="1B4055DD-83AA-257F-7059-E19B4A4C3827">
<createdBy>Pichau</createdBy>
<createdTime>2023-05-09 01:45:10 UTC</createdTime>
<generatorID>5254A02B-D245-64A2-0BAC-2F53EFDF866D</generatorID>
<ownerDesignName>bruna-fotografia-vinicius-de-abreu-cavalcante-86108-dmd</ownerDesignName>
<useDomainConstraints>false</useDomainConstraints>
<use>1</use>
<logicalDatatype>LOGDT019</logicalDatatype>
<dataTypePrecision>9</dataTypePrecision>
<ownDataTypeParameters>,9,</ownDataTypeParameters>
<autoIncrementCycle>false</autoIncrementCycle>
</Column>
<Column name="nr_ramal" id="B47EB273-7177-21DC-8F98-A5AF38F128B0">
<createdBy>Pichau</createdBy>
<createdTime>2023-05-09 01:45:10 UTC</createdTime>
<generatorID>20BD35BE-BF0C-1AC5-7D5A-4452116270E3</generatorID>
<ownerDesignName>bruna-fotografia-vinicius-de-abreu-cavalcante-86108-dmd</ownerDesignName>
<nullsAllowed>true</nullsAllowed>
<useDomainConstraints>false</useDomainConstraints>
<use>1</use>
<logicalDatatype>LOGDT019</logicalDatatype>
<dataTypePrecision>2</dataTypePrecision>
<ownDataTypeParameters>,2,</ownDataTypeParameters>
<autoIncrementCycle>false</autoIncrementCycle>
</Column>
<Column name="PESSOA_id_pessoa" id="F5569F56-E662-9BE7-B855-3A5481F9DF8D">
<createdBy>Pichau</createdBy>
<createdTime>2023-05-09 01:45:10 UTC</createdTime>
<generatorID>BC13662A-FFF4-910D-96DB-30A973FC488F</generatorID>
<ownerDesignName>bruna-fotografia-vinicius-de-abreu-cavalcante-86108-dmd</ownerDesignName>
<useDomainConstraints>false</useDomainConstraints>
<use>1</use>
<logicalDatatype>LOGDT019</logicalDatatype>
<dataTypePrecision>100000</dataTypePrecision>
<ownDataTypeParameters>,,</ownDataTypeParameters>
<previousColumn>false</previousColumn>
<autoIncrementCycle>false</autoIncrementCycle>
<associations>
<colAssociation fkAssociation="D3AF19D4-0118-C6E4-5F8C-3D3A71F2FB44" referredColumn="CF15BC4F-F4C6-E956-1282-7325CE7C97DE"/>
</associations>
</Column>
</columns>
<indexes itemClass="oracle.dbtools.crest.model.design.relational.Index">
<ind_PK_UK id="C9B602BD-D162-7E37-6E76-B3062AB0C2DF" name="TELEFONE_PK">
<createdBy>Pichau</createdBy>
<createdTime>2023-05-09 01:45:10 UTC</createdTime>
<generatorID>878FA572-3223-5553-0CAD-EB80E8B502B5</generatorID>
<ownerDesignName>bruna-fotografia-vinicius-de-abreu-cavalcante-86108-dmd</ownerDesignName>
<pk>true</pk>
<indexState>Primary Constraint</indexState>
<isSurrogateKey>false</isSurrogateKey>
<indexColumnUsage>
<colUsage columnID="442F2908-8223-01FB-19EE-7896E5E8BF6B"/>
</indexColumnUsage>
</ind_PK_UK>
<ind_PK_UK id="4F17DB0A-67F8-8F2B-0EBD-88D736426019" name="TELEFONE_PESSOA_FK">
<createdBy>Pichau</createdBy>
<createdTime>2023-05-09 01:45:10 UTC</createdTime>
<generatorID>9068CCB3-6968-E60F-28D4-CC4388F20106</generatorID>
<ownerDesignName>bruna-fotografia-vinicius-de-abreu-cavalcante-86108-dmd</ownerDesignName>
<indexState>Foreign Key</indexState>
<isSurrogateKey>false</isSurrogateKey>
<indexColumnUsage>
<colUsage columnID="F5569F56-E662-9BE7-B855-3A5481F9DF8D"/>
</indexColumnUsage>
</ind_PK_UK>
</indexes>
</Table>
