<?xml version = '1.0' encoding = 'UTF-8'?>
<Table class="oracle.dbtools.crest.model.design.relational.Table" directorySegmentName="seg_0" id="6FA6BB10-DE2F-8F8E-9285-B8A48A19A9C3" name="T_PESSOA">
<createdBy>Pichau</createdBy>
<createdTime>2023-05-09 01:45:10 UTC</createdTime>
<generatorID>10E64822-7BEE-899C-D2BD-7AF228B047C4</generatorID>
<ownerDesignName>bruna-fotografia-vinicius-de-abreu-cavalcante-86108-dmd</ownerDesignName>
<ordsAlias>pessoa</ordsAlias>
<allowColumnReorder>false</allowColumnReorder>
<existDependencyGenerateInDDl>true</existDependencyGenerateInDDl>
<parsed>true</parsed>
<columns itemClass="oracle.dbtools.crest.model.design.relational.Column">
<Column name="id_pessoa" id="CF15BC4F-F4C6-E956-1282-7325CE7C97DE">
<createdBy>Pichau</createdBy>
<createdTime>2023-05-09 01:45:10 UTC</createdTime>
<generatorID>EA693118-09DD-E09D-4B07-C8E05455A780</generatorID>
<ownerDesignName>bruna-fotografia-vinicius-de-abreu-cavalcante-86108-dmd</ownerDesignName>
<useDomainConstraints>false</useDomainConstraints>
<use>1</use>
<logicalDatatype>LOGDT019</logicalDatatype>
<dataTypePrecision>100000</dataTypePrecision>
<ownDataTypeParameters>,100000,</ownDataTypeParameters>
<autoIncrementColumn>true</autoIncrementColumn>
<autoIncrementCycle>false</autoIncrementCycle>
</Column>
<Column name="sobrenome" id="F277837B-CA3A-8CD9-7E73-E54D4C00822F">
<createdBy>Pichau</createdBy>
<createdTime>2023-05-09 01:45:10 UTC</createdTime>
<generatorID>E1BF9D13-7090-C7EF-E1B9-5698C4153CF5</generatorID>
<ownerDesignName>bruna-fotografia-vinicius-de-abreu-cavalcante-86108-dmd</ownerDesignName>
<useDomainConstraints>false</useDomainConstraints>
<use>1</use>
<logicalDatatype>LOGDT024</logicalDatatype>
<dataTypeSize>20</dataTypeSize>
<ownDataTypeParameters>20,,</ownDataTypeParameters>
<autoIncrementCycle>false</autoIncrementCycle>
</Column>
<Column name="nome" id="13FAAB1E-AF58-0403-73E4-F03D856FD9AC">
<createdBy>Pichau</createdBy>
<createdTime>2023-05-09 01:45:10 UTC</createdTime>
<generatorID>31DC3C82-5999-335A-6347-E56112EC2BE4</generatorID>
<ownerDesignName>bruna-fotografia-vinicius-de-abreu-cavalcante-86108-dmd</ownerDesignName>
<useDomainConstraints>false</useDomainConstraints>
<use>1</use>
<logicalDatatype>LOGDT024</logicalDatatype>
<dataTypeSize>20</dataTypeSize>
<ownDataTypeParameters>20,,</ownDataTypeParameters>
<autoIncrementCycle>false</autoIncrementCycle>
</Column>
<Column name="empresa" id="4C966EB5-312E-578E-F75D-98C616584EDE">
<createdBy>Pichau</createdBy>
<createdTime>2023-05-09 01:45:10 UTC</createdTime>
<generatorID>472AB618-C487-7118-CC91-4EB862F59AF4</generatorID>
<ownerDesignName>bruna-fotografia-vinicius-de-abreu-cavalcante-86108-dmd</ownerDesignName>
<nullsAllowed>true</nullsAllowed>
<useDomainConstraints>false</useDomainConstraints>
<use>1</use>
<logicalDatatype>LOGDT024</logicalDatatype>
<dataTypeSize>40</dataTypeSize>
<ownDataTypeParameters>40,,</ownDataTypeParameters>
<autoIncrementCycle>false</autoIncrementCycle>
</Column>
<Column name="dt_nascimento" id="6739F8B9-380D-543E-E107-E3E434D82517">
<createdBy>Pichau</createdBy>
<createdTime>2023-05-09 01:45:10 UTC</createdTime>
<generatorID>8384459D-F899-08A2-741C-B77D1B249C8A</generatorID>
<ownerDesignName>bruna-fotografia-vinicius-de-abreu-cavalcante-86108-dmd</ownerDesignName>
<nullsAllowed>true</nullsAllowed>
<useDomainConstraints>false</useDomainConstraints>
<use>1</use>
<logicalDatatype>LOGDT007</logicalDatatype>
<ownDataTypeParameters>,,</ownDataTypeParameters>
<autoIncrementCycle>false</autoIncrementCycle>
</Column>
<Column name="tipo" id="BB4DAB34-180D-F635-5EC8-A760538D59F3">
<createdBy>Pichau</createdBy>
<createdTime>2023-05-09 02:32:14 UTC</createdTime>
<ownerDesignName>bruna-fotografia-vinicius-de-abreu-cavalcante-86108-dmd</ownerDesignName>
<nullsAllowed>true</nullsAllowed>
<useDomainConstraints>false</useDomainConstraints>
<use>1</use>
<logicalDatatype>LOGDT024</logicalDatatype>
<dataTypeSize>50</dataTypeSize>
<listOfValues>
<valueDef value="Cliente" description=""/>
<valueDef value="Fotógrafa" description=""/>
</listOfValues>
<ownDataTypeParameters>50,,</ownDataTypeParameters>
<autoIncrementCycle>false</autoIncrementCycle>
</Column>
</columns>
<indexes itemClass="oracle.dbtools.crest.model.design.relational.Index">
<ind_PK_UK id="A5AB4E0A-A60D-38F9-E2DD-443871946748" name="PESSOA_PK">
<createdBy>Pichau</createdBy>
<createdTime>2023-05-09 01:45:10 UTC</createdTime>
<generatorID>AE6F704D-4C8A-9521-AC3F-BC81AD34AA51</generatorID>
<ownerDesignName>bruna-fotografia-vinicius-de-abreu-cavalcante-86108-dmd</ownerDesignName>
<pk>true</pk>
<indexState>Primary Constraint</indexState>
<isSurrogateKey>false</isSurrogateKey>
<indexColumnUsage>
<colUsage columnID="CF15BC4F-F4C6-E956-1282-7325CE7C97DE"/>
</indexColumnUsage>
</ind_PK_UK>
</indexes>
</Table>
