<?xml version = '1.0' encoding = 'UTF-8'?>
<StructuredType class="oracle.dbtools.crest.model.design.datatypes.StructuredType" name="XMLTYPE" directorySegmentName="seg_0" id="F72C39E0-D1CA-8821-2AD7-A1E95A37D3D1">
<createdBy>Pichau</createdBy>
<createdTime>2023-05-09 01:27:26 UTC</createdTime>
<ownerDesignName>modelo-logico-agenda-vinicius-de-abreu-cavalcante-86108</ownerDesignName>
<visible>false</visible>
<predefined>true</predefined>
<final>false</final>
<instantiable>true</instantiable>
</StructuredType>
