<?xml version = '1.0' encoding = 'UTF-8'?>
<relationalModel class="oracle.dbtools.crest.model.design.relational.RelationalDesign" name="Relational_1" id="72AC1F5A-E2C8-5F22-65E1-99A1DF44A6FD" mainViewID="DEA89A3C-2DAA-C07E-646C-74AF9D087CBB">
<createdBy>Pichau</createdBy>
<createdTime>2023-05-09 01:45:01 UTC</createdTime>
<ownerDesignName>bruna-fotografia-vinicius-de-abreu-cavalcante-86108-dmd</ownerDesignName>
<shouldBeOpen>false</shouldBeOpen>
<selectedRDBMSSite>32076570-2523-435C-2E92-BF29817DFF70</selectedRDBMSSite>
</relationalModel>
