<?xml version = '1.0' encoding = 'UTF-8'?>
<Relation class="oracle.dbtools.crest.model.design.logical.Relation" name="Relation_5" directorySegmentName="seg_0" id="C47CE34D-1FFE-F64E-6FFA-8C082C60F899">
<createdBy>Pichau</createdBy>
<createdTime>2023-05-09 02:02:40 UTC</createdTime>
<ownerDesignName>bruna-fotografia-vinicius-de-abreu-cavalcante-86108-dmd</ownerDesignName>
<engineerTo>
<item key="72AC1F5A-E2C8-5F22-65E1-99A1DF44A6FD" value="true"/>
</engineerTo>
<sourcePk>AE6F704D-4C8A-9521-AC3F-BC81AD34AA51</sourcePk>
<identifying>true</identifying>
<optionalSource>true</optionalSource>
<optionalTarget>false</optionalTarget>
<sourceCardinality>1</sourceCardinality>
<sourceEntity>7C08F6DF-7EEF-927E-B265-AA985ACA3D91</sourceEntity>
<targetCardinalityString>*</targetCardinalityString>
<targetEntity>62EF7F61-0C50-D1ED-A102-DC272FF5A415</targetEntity>
<transferable>true</transferable>
<deleteRule>NO ACTION</deleteRule>
</Relation>
