<?xml version = '1.0' encoding = 'UTF-8'?>
<Entity class="oracle.dbtools.crest.model.design.logical.Entity" directorySegmentName="seg_0" id="32CA00EE-4C5D-8CB6-F5C6-8FD64247EB69" name="ENDERECO">
<createdBy>Pichau</createdBy>
<createdTime>2023-05-09 00:49:26 UTC</createdTime>
<ownerDesignName>modelo-logico-agenda-vinicius-de-abreu-cavalcante-86108</ownerDesignName>
<engineerTo>
<item key="F0108765-27FC-09CB-53C9-E970786C9A25" value="true"/>
</engineerTo>
<adequatelyNormalized>NO</adequatelyNormalized>
<expectedVolumes>0</expectedVolumes>
<fwdEngineeringStrategyName>Single Table</fwdEngineeringStrategyName>
<growthPercent>0</growthPercent>
<growthType>Year</growthType>
<maxVolumes>9999999</maxVolumes>
<minVolumes>0</minVolumes>
<normalForm>Third</normalForm>
<attributes itemClass="oracle.dbtools.crest.model.design.logical.Attribute">
<Attribute name="id_endereco" id="15E8ABC5-6DBD-124A-3002-BDD1506C75FB">
<createdBy>Pichau</createdBy>
<createdTime>2023-05-09 01:01:24 UTC</createdTime>
<ownerDesignName>modelo-logico-agenda-vinicius-de-abreu-cavalcante-86108</ownerDesignName>
<engineerTo>
<item key="F0108765-27FC-09CB-53C9-E970786C9A25" value="true"/>
</engineerTo>
<useDomainConstraints>false</useDomainConstraints>
<use>1</use>
<logicalDatatype>LOGDT057</logicalDatatype>
<ownDataTypeParameters>,,</ownDataTypeParameters>
</Attribute>
<Attribute name="tipo_logradouro" id="0E305D9C-FF88-524A-E790-DDF023F629B7">
<createdBy>Pichau</createdBy>
<createdTime>2023-05-09 00:57:34 UTC</createdTime>
<ownerDesignName>modelo-logico-agenda-vinicius-de-abreu-cavalcante-86108</ownerDesignName>
<engineerTo>
<item key="F0108765-27FC-09CB-53C9-E970786C9A25" value="true"/>
</engineerTo>
<useDomainConstraints>false</useDomainConstraints>
<use>1</use>
<logicalDatatype>LOGDT024</logicalDatatype>
<dataTypeSize>15</dataTypeSize>
<ownDataTypeParameters>15,,</ownDataTypeParameters>
</Attribute>
<Attribute name="logradouro" id="75F85D18-5C45-F47C-6885-F1FB87983A8D">
<createdBy>Pichau</createdBy>
<createdTime>2023-05-09 00:58:00 UTC</createdTime>
<ownerDesignName>modelo-logico-agenda-vinicius-de-abreu-cavalcante-86108</ownerDesignName>
<engineerTo>
<item key="F0108765-27FC-09CB-53C9-E970786C9A25" value="true"/>
</engineerTo>
<useDomainConstraints>false</useDomainConstraints>
<use>1</use>
<logicalDatatype>LOGDT024</logicalDatatype>
<dataTypeSize>35</dataTypeSize>
<ownDataTypeParameters>35,,</ownDataTypeParameters>
</Attribute>
<Attribute name="numero" id="79893E8D-6A6E-4968-9BD3-C7C4EB4897A7">
<createdBy>Pichau</createdBy>
<createdTime>2023-05-09 00:58:17 UTC</createdTime>
<ownerDesignName>modelo-logico-agenda-vinicius-de-abreu-cavalcante-86108</ownerDesignName>
<engineerTo>
<item key="F0108765-27FC-09CB-53C9-E970786C9A25" value="true"/>
</engineerTo>
<useDomainConstraints>false</useDomainConstraints>
<use>1</use>
<logicalDatatype>LOGDT019</logicalDatatype>
<dataTypePrecision>10</dataTypePrecision>
<ownDataTypeParameters>,10,</ownDataTypeParameters>
</Attribute>
<Attribute name="complemento" id="A4EC5A78-F64F-64CB-B991-06B2007107F8">
<createdBy>Pichau</createdBy>
<createdTime>2023-05-09 00:58:43 UTC</createdTime>
<ownerDesignName>modelo-logico-agenda-vinicius-de-abreu-cavalcante-86108</ownerDesignName>
<engineerTo>
<item key="F0108765-27FC-09CB-53C9-E970786C9A25" value="true"/>
</engineerTo>
<nullsAllowed>true</nullsAllowed>
<useDomainConstraints>false</useDomainConstraints>
<use>1</use>
<logicalDatatype>LOGDT024</logicalDatatype>
<dataTypeSize>50</dataTypeSize>
<ownDataTypeParameters>50,,</ownDataTypeParameters>
</Attribute>
<Attribute name="cep" id="F2E510F7-D06D-4CD3-7681-C6AEF0B0940B">
<createdBy>Pichau</createdBy>
<createdTime>2023-05-09 00:58:59 UTC</createdTime>
<ownerDesignName>modelo-logico-agenda-vinicius-de-abreu-cavalcante-86108</ownerDesignName>
<engineerTo>
<item key="F0108765-27FC-09CB-53C9-E970786C9A25" value="true"/>
</engineerTo>
<nullsAllowed>true</nullsAllowed>
<useDomainConstraints>false</useDomainConstraints>
<use>1</use>
<logicalDatatype>LOGDT019</logicalDatatype>
<dataTypePrecision>8</dataTypePrecision>
<ownDataTypeParameters>,8,</ownDataTypeParameters>
</Attribute>
<Attribute name="bairro" id="430BD886-FCB7-92E1-7608-A8E46320B87A">
<createdBy>Pichau</createdBy>
<createdTime>2023-05-09 01:00:09 UTC</createdTime>
<ownerDesignName>modelo-logico-agenda-vinicius-de-abreu-cavalcante-86108</ownerDesignName>
<engineerTo>
<item key="F0108765-27FC-09CB-53C9-E970786C9A25" value="true"/>
</engineerTo>
<nullsAllowed>true</nullsAllowed>
<useDomainConstraints>false</useDomainConstraints>
<use>1</use>
<logicalDatatype>LOGDT024</logicalDatatype>
<dataTypeSize>50 CHAR</dataTypeSize>
<ownDataTypeParameters>50 CHAR,,</ownDataTypeParameters>
</Attribute>
<Attribute name="cidade" id="5B486B54-9C04-F472-7004-F1D474D5C048">
<createdBy>Pichau</createdBy>
<createdTime>2023-05-09 01:00:25 UTC</createdTime>
<ownerDesignName>modelo-logico-agenda-vinicius-de-abreu-cavalcante-86108</ownerDesignName>
<engineerTo>
<item key="F0108765-27FC-09CB-53C9-E970786C9A25" value="true"/>
</engineerTo>
<nullsAllowed>true</nullsAllowed>
<useDomainConstraints>false</useDomainConstraints>
<use>1</use>
<logicalDatatype>LOGDT024</logicalDatatype>
<dataTypeSize>50 CHAR</dataTypeSize>
<ownDataTypeParameters>50 CHAR,,</ownDataTypeParameters>
</Attribute>
<Attribute name="estado" id="7D8A50FB-3BEA-6159-F541-E38EB37412B8">
<createdBy>Pichau</createdBy>
<createdTime>2023-05-09 01:00:43 UTC</createdTime>
<ownerDesignName>modelo-logico-agenda-vinicius-de-abreu-cavalcante-86108</ownerDesignName>
<engineerTo>
<item key="F0108765-27FC-09CB-53C9-E970786C9A25" value="true"/>
</engineerTo>
<nullsAllowed>true</nullsAllowed>
<useDomainConstraints>false</useDomainConstraints>
<use>1</use>
<logicalDatatype>LOGDT024</logicalDatatype>
<dataTypeSize>50 CHAR</dataTypeSize>
<ownDataTypeParameters>50 CHAR,,</ownDataTypeParameters>
</Attribute>
<Attribute name="pais" id="9F4C0B70-0A67-5371-7416-A35EF94F4446">
<createdBy>Pichau</createdBy>
<createdTime>2023-05-09 01:00:57 UTC</createdTime>
<ownerDesignName>modelo-logico-agenda-vinicius-de-abreu-cavalcante-86108</ownerDesignName>
<engineerTo>
<item key="F0108765-27FC-09CB-53C9-E970786C9A25" value="true"/>
</engineerTo>
<nullsAllowed>true</nullsAllowed>
<useDomainConstraints>false</useDomainConstraints>
<use>1</use>
<logicalDatatype>LOGDT024</logicalDatatype>
<dataTypeSize>50 CHAR</dataTypeSize>
<ownDataTypeParameters>50 CHAR,,</ownDataTypeParameters>
</Attribute>
<Attribute name="id_pessoa" id="97D9F2F5-45AC-BE90-D9DD-78CDA195F2D5">
<createdBy>Pichau</createdBy>
<createdTime>2023-05-09 01:16:05 UTC</createdTime>
<generatorID>50D22694-B269-9FAF-0A42-0A9DE9B2D106</generatorID>
<ownerDesignName>modelo-logico-agenda-vinicius-de-abreu-cavalcante-86108</ownerDesignName>
<engineerTo>
<item key="F0108765-27FC-09CB-53C9-E970786C9A25" value="true"/>
</engineerTo>
<referedAttribute>EA693118-09DD-E09D-4B07-C8E05455A780</referedAttribute>
<useDomainConstraints>false</useDomainConstraints>
<use>1</use>
<logicalDatatype>LOGDT057</logicalDatatype>
<dataTypeSize>50</dataTypeSize>
<ownDataTypeParameters>,,</ownDataTypeParameters>
</Attribute>
</attributes>
<identifiers itemClass="oracle.dbtools.crest.model.design.logical.CandidateKey">
<identifier id="6D9D2D28-DD3F-EA10-8B06-5AE54A52C316" name="ENDERECO PK">
<createdBy>Pichau</createdBy>
<createdTime>2023-05-09 01:01:31 UTC</createdTime>
<ownerDesignName>modelo-logico-agenda-vinicius-de-abreu-cavalcante-86108</ownerDesignName>
<engineerTo>
<item key="F0108765-27FC-09CB-53C9-E970786C9A25" value="true"/>
</engineerTo>
<pk>true</pk>
<usedAttributes>
<attributeRef>15E8ABC5-6DBD-124A-3002-BDD1506C75FB</attributeRef>
</usedAttributes>
</identifier>
</identifiers>
</Entity>