<?xml version = '1.0' encoding = 'UTF-8'?>
<Relation class="oracle.dbtools.crest.model.design.logical.Relation" name="POSSUIv3" directorySegmentName="seg_0" id="50D22694-B269-9FAF-0A42-0A9DE9B2D106">
<createdBy>Pichau</createdBy>
<createdTime>2023-05-09 01:03:38 UTC</createdTime>
<ownerDesignName>modelo-logico-agenda-vinicius-de-abreu-cavalcante-86108</ownerDesignName>
<engineerTo>
<item key="F0108765-27FC-09CB-53C9-E970786C9A25" value="true"/>
</engineerTo>
<identifying>false</identifying>
<optionalSource>true</optionalSource>
<optionalTarget>false</optionalTarget>
<sourceCardinality>1</sourceCardinality>
<sourceEntity>10E64822-7BEE-899C-D2BD-7AF228B047C4</sourceEntity>
<targetCardinalityString>*</targetCardinalityString>
<targetEntity>32CA00EE-4C5D-8CB6-F5C6-8FD64247EB69</targetEntity>
<transferable>true</transferable>
<deleteRule>NO ACTION</deleteRule>
</Relation>