<?xml version = '1.0' encoding = 'UTF-8'?>
<FKArc class="oracle.dbtools.crest.model.design.relational.FKArc" directorySegmentName="seg_0" id="64C58C86-1DFC-0712-454F-F15859E22CFD" name="FKArc_1">
<createdBy>Pichau</createdBy>
<createdTime>2023-05-09 02:06:14 UTC</createdTime>
<ownerDesignName>bruna-fotografia-vinicius-de-abreu-cavalcante-86108-dmd</ownerDesignName>
<mandatory>false</mandatory>
<reverseArc>true</reverseArc>
<table>6FA6BB10-DE2F-8F8E-9285-B8A48A19A9C3</table>
<discriminatorColumn>BB4DAB34-180D-F635-5EC8-A760538D59F3</discriminatorColumn>
<fkeys>
<fkeyID>2875737B-371E-6847-1DEC-A2D0775B316D</fkeyID>
<fkeyID>5CC9BA74-B697-705E-6F4F-56A1AEED4378</fkeyID>
</fkeys>
</FKArc>
