<?xml version = '1.0' encoding = 'UTF-8'?>
<ExtendedMap class="oracle.dbtools.crest.model.xtdmapping.ExtendedMap">
<mappings itemClass="oracle.dbtools.crest.model.xtdmapping.XtdMapping">
<Mapping id="4102DD79-23E1B572DA2A1ED65694-BFD4CCCFF2FA" delID="4102DD79-980D-2B08-5D16-23E1B572DA2A" inhType="4" oDP="C3EB8749-14FC-C346-1C6A-0C9C26F93955" oID="4102DD79-980D-2B08-5D16-23E1B572DA2A" oType="9" tDP="72AC1F5A-E2C8-5F22-65E1-99A1DF44A6FD" tID="1ED65694-4134-EBF6-3766-BFD4CCCFF2FA" tType="8">
</Mapping>
<Mapping id="B300FE07-E7953E43A082ABED98D5-A00C8BA7D486" delID="B300FE07-C8B3-4DD1-C2D3-E7953E43A082" inhType="3" oDP="C3EB8749-14FC-C346-1C6A-0C9C26F93955" oID="B300FE07-C8B3-4DD1-C2D3-E7953E43A082" oType="0" tDP="72AC1F5A-E2C8-5F22-65E1-99A1DF44A6FD" tID="ABED98D5-925D-3D5D-3353-A00C8BA7D486" tType="4">
</Mapping>
<Mapping id="F5C82E23-A6F51A906D8573105FDF-5D7FE159EA2B" delID="F5C82E23-9BE5-DD78-764A-A6F51A906D85" inhType="3" oCont="B300FE07-C8B3-4DD1-C2D3-E7953E43A082" oDP="C3EB8749-14FC-C346-1C6A-0C9C26F93955" oID="F5C82E23-9BE5-DD78-764A-A6F51A906D85" tCont="ABED98D5-925D-3D5D-3353-A00C8BA7D486" tDP="72AC1F5A-E2C8-5F22-65E1-99A1DF44A6FD" tID="73105FDF-5014-19DE-682B-5D7FE159EA2B">
</Mapping>
</mappings>
</ExtendedMap>
